1.0000000000000000,0.6885120198302384,0.8680360204181006,-0.4242830634889481,0.6070920925819012,0.6083879335200182,-0.1615610231515175,1.5720219510260489,1.5479974839682078,2.3597989034933144,-1.2112697363772038,0.5542528139792968,1.4242869563184950,2.2803716683797779,2.9850530794871069,0.7137217589898605,2.2258505791249834,1.3698724548874892,0.8121650219217330
1.0000000000000000,1.5601689755711667,-0.8157975604553754,-0.6577216506697741,2.6167318957900574,-0.3186171605173324,0.9729438412466261,1.1575494959717278,-1.3865609193242758,1.6889010614926914,-0.7759149014459150,1.6989803288344356,1.5762805919955687,0.8233049571986313,1.4069958899601793,1.7465720051776088,1.3147852408613283,1.5081299542526891,0.0596413951578282
-1.0000000000000000,0.6911421879211571,0.0053128565054255,0.0722581351118782,0.5606547563206449,-0.3659698995941279,-0.7504529306513140,0.9201914787527961,1.0391780080276876,1.3813208270947257,-0.2073165354415806,0.5478632926623648,0.9261261896285976,1.5000804719571550,1.8532769587887528,0.5538884984595125,1.3888504633049745,0.9419884081821969,0.1443299786464218
-1.0000000000000000,0.4893887011703884,-0.1175672122620948,-1.0696584052568225,0.7189915767557712,1.8142411832867742,0.8815120413955461,0.1444570875753588,-0.3236638270242013,0.2046563588223363,0.2109995780963106,0.8458538823231565,0.3104011333537823,0.3256422271267682,0.3804137397371805,0.8475022214922641,0.2841529313548147,0.6823801986842210,0.0002889536319304
-1.0000000000000000,0.4943359185998958,1.4164375112484653,1.4253811863855974,0.6140822847254894,-1.3996471054624626,-0.7354194389179806,0.6945159440518300,0.6497881431959519,1.0301144130089526,-0.1196557913775179,1.2493904835357417,0.6874524981352256,0.4882691226785552,1.0949922721627867,1.2695420909667507,0.8911745462711234,1.2279318501083205,0.0148199908719095
-1.0000000000000000,1.8960704966246602,-0.9198126271612972,-1.1120846097552168,3.1062626805910338,0.7274807068104334,0.7117329158413777,0.5840230059989960,-0.1571879758008818,0.8766905510671583,-0.2674588144865717,2.9925193628707989,1.2230036134389999,0.3626657221531989,1.0398167341315809,3.0097806481112976,0.8334825195712170,1.5308172782795872,0.0053819178551209
-1.0000000000000000,0.6518040621141163,0.1473818347540415,0.2953317129829430,0.7373308256054458,-0.2169258296465113,1.5496693817391018,0.4348341084088337,-0.6048836500519847,0.6525153991711689,0.0003549227008751,0.5834371384186043,0.6319072905187797,0.9611165043581190,1.0670305625279972,0.5761245566033196,0.7939768930402349,0.7767827518610225,0.0467227012760986
-1.0000000000000000,1.0585955488719916,-0.3518220452920348,0.9089942241086510,1.4683828398605232,1.0508310911479604,-0.6350382479000257,0.5946930104191064,-1.1410232730688137,0.7150751931046921,-0.2529600279880563,1.3910598817211943,0.9289271927723355,0.5925869970880606,0.9097094624577609,1.4081621275400587,0.7939101391831096,1.3510406101558077,0.0917161929122872
-1.0000000000000000,0.5508146835475755,-1.0836393799950212,0.3903762502827748,0.4712667176518112,-1.4181334965856849,-1.6698337804654078,0.8911769493990187,-1.0213671837399021,1.2276061832439615,-0.5730084202209379,0.4437990319661237,0.8169039408042571,1.6334299891707340,0.9516565818247356,0.5266558017762979,0.7974432835065020,1.5413960101059518,0.5053129771403907
1.0000000000000000,1.4373679019590409,-0.7574726795459462,-1.3469224062528726,2.2750845010571741,0.1853366208678331,0.8256238133291864,1.6031607519561362,-0.2190326815001949,2.4065420699399933,-1.2944015460199909,1.6956303136630102,1.9815288737268324,1.0370168665459345,3.2572276696078672,1.7710039848597865,2.4886131228120014,1.5815929306547747,0.0295876890388450
-1.0000000000000000,0.3188778383720591,-0.7296897723065563,1.2292476999142474,0.5291322694010790,-0.9443098238477146,-0.4481079256922522,0.7521334929942795,-0.2091097218198547,0.4613292197324848,0.5651885362566056,0.3345060945071570,0.5443906815651085,1.4441847903381635,-0.0000000100915657,0.3846333723700389,0.2629138683026839,1.5481343337594315,0.4546540090420529
1.0000000000000000,2.4154603456807759,0.8686582590443853,0.9594605550435946,2.6644547218719628,1.3615317314776771,-0.8874930101935149,1.2724468752786227,-0.1452521561981575,1.8561167764109223,-0.5978769833788560,2.1882829832164643,1.9372092376000438,0.7855769965568768,1.7026598323808586,2.2169876211374988,1.5304863416241099,1.0815174375840966,0.1558850068364367
1.0000000000000000,1.0223841605258768,-0.3784554686892635,-0.1005865481171661,1.4292379637265424,0.0111705882606463,1.3922681805798949,3.9297528333924645,0.4132069882350155,4.6882071319282730,4.2621293116555350,1.0051120447717738,1.8871819891591557,1.6661594997365010,-0.0000000287827790,1.2162297926559094,2.1587605427820438,1.5858840849603228,0.2984849974224049
1.0000000000000000,1.0268005277359686,0.0418450387099029,1.6174890970778844,1.5655473413759002,-0.4218581302663750,-0.0263235690952584,1.0499651375015859,0.5360100786196824,1.3321935013662027,0.8667327202420488,1.0644184356375370,1.1117071152379110,0.9268189656637827,-0.0000000127314029,1.0984452970414167,0.7409303680658730,1.4474037982867329,0.1480009955784831
-1.0000000000000000,0.9051745768477429,-0.5887695672781286,1.7169805644350227,1.0282485398261141,0.1700499808980644,0.0548571655795564,0.6441649183923445,-1.2678597178090916,0.7356089545450528,0.5953329880564200,0.8728064448481058,0.7508760193393396,0.7634243372959004,0.5261815777432942,0.8768939995094721,0.5388412992807754,1.1964237547127425,0.0493008998700151
1.0000000000000000,0.6348161637454239,1.0750435672554755,-1.6834495010468942,0.7855231775721866,-0.2594921728234014,-0.6278500348888728,0.2195902973705847,0.6530830810941677,0.2827486469487878,0.1080367782140011,0.7653023711143078,0.4884034940851156,0.5663228121545657,0.9178494160112750,0.7254497355996599,0.7583937707023443,0.1441856280288465,0.0456437981463796
1.0000000000000000,1.0275173232717447,-1.1907128071242630,-1.3400088582221636,1.4762644743990454,0.6533351562267065,-0.3185321417576867,1.0514861216614395,0.7078334712029397,1.5784087103275259,-0.7032880058082289,1.6643820982234216,1.4173048817247791,0.7556601169223551,2.6340279639137725,1.6705859994342698,1.9956585107498308,0.8306437671101889,0.0545593062483499
-1.0000000000000000,0.5876015521114020,0.1451315102131230,-0.7125338850627692,0.7513948159317050,-1.6250009664070661,1.5044144484013631,0.3900620566061249,1.0817530081440632,0.4104594724270053,0.0871254880200714,0.8782408882531236,0.5667267375330812,0.5726310036907354,0.6418756206686165,0.8735951861838579,0.6328485089189013,0.7678810326465338,0.0997349272953348
1.0000000000000000,0.9628983036057108,-0.2983399837865540,-1.2377176168356798,1.2866280096185960,0.4318664593703838,0.1230237691524824,1.5881670715686724,0.7175968779057776,1.7168972450305744,-1.0613323470392320,0.9909463885942208,1.5036935842351302,1.3465652574107649,1.9357292681203759,1.1093746497383856,1.5963061973004322,1.3960354395138568,0.3345890009568996
-1.0000000000000000,0.5047483912230328,1.8999456311071883,0.9878385764114114,0.4660315492504893,1.3039225143078670,-1.4335994661870011,0.7653882676089997,-0.6599816595138253,1.1300121631654463,-0.3865139955796968,0.4306204373266552,0.7723701632753994,1.5916465560616473,1.1855336340707134,0.4853321293550731,0.9146007415506499,1.2759613863825046,0.4993189863159339
1.0000000000000000,1.0438380237955962,-1.1795370621241490,1.4260273030569917,1.4031475675165557,-0.7956850530453942,0.2866508999056464,1.2450138260453782,-0.9198251349934261,1.8689193632619103,-0.8882975987274018,1.0052651384241886,1.4913425435141585,1.3164768291705804,2.7041194221658404,1.0627734661556434,2.0349950977898490,1.2615119296130526,0.0591603976323163
-1.0000000000000000,0.5244250735422693,0.8677584554169402,-1.4313827772664030,0.8220836029025784,-0.2770352363022408,1.2793378885190798,0.6560058571082480,-0.3656317259560995,0.9847440447195005,-0.2398670037545942,0.6587858859147706,0.8337979915473054,1.1231363992111643,1.6929494109796741,0.6434241028462124,1.2645199185067844,0.7336371501654666,0.0774064865920318
-1.0000000000000000,0.3426933315368217,-0.2348527346673688,0.4540431746153462,0.4478980560617757,-1.0076279511650501,-0.0190570081293649,0.4092868950864879,-0.3760823264046723,0.3760841939869133,0.4863679726929509,0.3541401230640125,0.3136210875672412,0.7858605766353487,0.4720410274628804,0.2495548259327434,0.4167779692663885,0.7157679269021474,0.3297679979980486
1.0000000000000000,2.3103680665486550,-0.2268707753236882,0.6337622426993709,3.4818112839031170,0.1845251693957958,-1.0800292654702983,0.7662480015620354,-0.8610347486386959,0.2657732792704225,-0.2582176273822857,2.3603882653713848,1.4888886171961713,0.5597472805706404,0.0000000069090072,2.3815469537278062,0.3081664813197701,1.3828475345923650,0.1099639966863501
-1.0000000000000000,0.5772985228409541,-0.5594695795816921,1.6102441454194474,0.8948746949148266,-1.5702421858664122,0.4651485724544291,0.9545751709084214,-1.3536500916157628,1.1245008817397537,0.0339674056647343,0.6954000437808249,0.8779941591213410,1.1203979240713096,1.2513022273886774,0.7200319760159684,1.0050613904530021,1.0918884174023240,0.2574549915761717
-1.0000000000000000,0.8445021934514106,-0.6402863983474518,-0.3289430952583034,0.8790084696491134,-1.7688548525658079,1.4391903802190165,0.1231217435100213,-1.0047709917151249,0.1746250732951350,0.3681005335873203,0.8848475203768686,0.3097734667754158,0.3106648470377730,0.0000000041914829,0.8749989857147848,0.1644691345607245,0.3832474292831529,0.0678971959337386
-1.0000000000000000,0.8852762631392904,-0.8608393600771831,-0.9642306545986075,0.7534477209173794,-1.4041699249677182,1.4032215960914083,0.8023214225957708,0.6836760237662518,1.1651268000002464,-0.4386570188678383,0.7338876128625609,1.0309204906182761,1.2465504519034394,1.4840155883708959,0.7453662705925508,1.1457694745254112,0.9357871463542069,0.4161950116756413
-1.0000000000000000,0.4738546342565951,-1.0851193719800878,1.5308696096879113,0.5503730271881982,1.3233644971451726,-0.9605401865017595,0.0791068849274494,-1.2366267397935378,0.0582433367990496,0.3823041075400723,0.9275707676694779,0.1361488531091240,0.1302521981831669,-0.0000000051683970,0.8976927903654482,0.3815063509986414,0.0993893838651871,0.0215450083817708
-1.0000000000000000,0.6112604105814275,0.3114490201110801,-0.9789028841750095,0.7175172609604330,1.5552593671023773,1.0564255566275258,0.8072950102728638,0.5051064632293347,1.0263454872673079,-0.4666578833798323,0.7017935313886431,0.8328177394053643,1.0530673135672184,0.9526378533251123,0.7518168225970229,0.8845398679912606,1.4789675612352124,0.2406080040727810
1.0000000000000000,0.7474758652230928,0.3256226019641928,-1.5754044040717816,1.1032553982493796,-0.0222045219893519,-0.1239602787225280,0.6994074012482459,-1.3617742243074777,0.3829031581666564,0.8558096298685196,0.7497115201802086,0.7045607546506145,0.8339504470344832,-0.0000000017106504,0.7404899032406139,0.1123865133050961,1.2407143124749915,0.1822430015385920
1.0000000000000000,1.1956207711690843,-0.0450094370324577,-1.7171839462715544,1.7846320770976125,-0.4982255006459411,0.0453841790364925,0.5045365767944828,0.4373987353334863,0.4870095898661502,0.0942929624166022,1.2252283093750311,0.8608832287359045,0.6235100630677874,-0.0000000041031604,1.2387298367690642,0.3027243064082196,1.3548201364446484,0.1139229991897397
-1.0000000000000000,0.6522509488723136,-0.4482269042176517,0.9130087427163502,0.6573459004252334,-1.4997732528401502,-1.3022403773374926,0.8526850795646167,-0.4258345226975582,1.0214522039130769,-0.5386512310325545,0.6559314755476418,0.9122662626230684,1.2341815244299672,1.4032745406259215,0.7111782971267334,1.1403607173594208,1.5443142621814454,0.2477139898263881
1.0000000000000000,1.0112409593803899,0.7673971810150354,-0.5109500251091997,1.4062848108097530,1.6118881795180346,1.3866589248327623,0.4074021507762475,-1.1201497203782309,0.5495368818107798,0.7116877662613716,1.0992963297638993,0.6293394492575892,0.5080264110401636,0.0000000149382888,1.0911592194997946,0.1411344430179060,1.2648152201342115,0.0076804726086538
-1.0000000000000000,0.3804705989245258,0.3925643476236338,-0.9711387782344210,0.5133752989511493,-0.8033959173484519,-1.3579684585856566,1.1929297361840692,0.6401516961072724,1.7907346261035062,-0.8789029062165734,0.4549963500558548,1.0014722316627556,1.9532030845611899,2.1567847747711584,0.5825817594356767,1.6396096940912037,1.5415327549060496,0.1646489865661879
-1.0000000000000000,0.9982898814566261,-1.3653620362468630,-1.5228341595258712,1.6055045121984468,0.0277277012615138,-0.0393928497085549,0.5517327052904675,-1.7186340211611384,0.2983085759707521,0.2927605723116279,1.3916991948276674,0.8297646672688768,0.5290862219722658,0.5406276482168058,1.3922162100430915,0.5761331113414703,0.9585961137945429,0.0767727002343335
1.0000000000000000,0.8605276429893813,-1.2134426940235303,0.1360945534404051,0.4876065511820586,-0.0805882477055683,-1.4228060322076106,0.7214519340057647,1.6923684039219853,0.6567738792940747,-0.3967370444443007,0.7106512279946620,0.8896807391727483,1.1109481841497022,0.5398707372682322,0.7381603193848285,0.7387344667718366,1.3264128095167920,0.4106479888487730
1.0000000000000000,0.7651207463949181,-0.3690624469091927,-0.4043234862481949,1.0860476429107058,0.8860850933230149,1.6756675461059056,0.6008135539584711,-1.2128223193425267,0.7772190665433540,0.8528411295685155,0.9578800163124459,0.6203725257794723,0.5747210981631861,0.0000000209844975,0.9362558101250847,0.2379636746207297,1.1562267737593552,0.0547465069521730
-1.0000000000000000,0.5194651926836185,0.4717766428226823,-1.6179962193851296,0.8522753702628805,-1.5525219369989161,0.1431966261997969,0.7657246615351196,-0.0226581165234765,0.3531456901842460,-0.2267934255297538,0.9907332716105032,0.7118804524005161,0.6376257297490342,0.1808604796090463,1.0193208431941554,0.6404576881083616,1.5679135278262264,0.1155649912448662
1.0000000000000000,1.9574835316237571,0.0329502783832927,-0.1538470913082209,0.4638993059392846,1.2322179022056379,0.8040756576086077,1.1589062214321255,1.1836647956767743,0.8225158581690982,-0.4328724115975298,1.3178541706375206,1.5970370811757300,1.0753861679938073,0.9076034255277463,1.1407249065643978,1.4029252457573587,0.5573360298293641,0.5987579886059505
1.0000000000000000,1.0626350722923847,1.4081461556060397,0.8540494511380804,1.0597796409212048,-0.6646709495497435,-1.6542039978459695,0.9916897538315711,-0.1246976145854567,0.1188816637174348,-0.3910773309985807,1.6200071640859341,1.2533333389073567,0.6865393989321592,2.4301021203451927,1.6071866611049737,1.8135602520330012,0.7748777773214997,0.0189030980612191
1.0000000000000000,1.3049423736505839,-1.8343227058386993,-0.9809901848909247,1.4487299855843179,-1.1582538067198431,0.5701878048058416,1.0121573044779804,0.8367672645782857,0.6900913107937204,-0.6277830779020537,1.2153849624954538,1.3132562505042451,0.9588529463658965,0.8118567945693277,1.2605714779877324,0.7693848633385484,1.3561019800757088,0.2974820023429406
1.0000000000000000,4.9716596841463714,0.5047429676002683,0.4854566534926357,5.6350059675184214,-0.2146158773292627,-1.1229709284040281,2.2823979878898237,-1.2767621243600467,0.9834654844275931,-1.8352396240565216,4.7474427338826679,3.8154973989855314,0.7131937650956571,1.5336121278423096,4.8004136200835212,1.8768280830865058,1.1688320601943261,0.2082430031740625
-1.0000000000000000,0.8699458713561676,-1.5585281837313163,-0.6037156016353159,0.4678294963112246,-1.8060499380443842,1.1543334690824689,0.1083951102248352,1.3747777950558751,0.0476116986132645,0.2183335368986455,0.6068899542804390,0.3396800182080087,0.4966800680653449,0.0000000091734278,0.5538316357687234,0.0897786899669172,0.0953144716420345,0.3222860154143573
1.0000000000000000,1.2406341989444454,-1.4396146501795279,0.1935496678250087,1.5519419914465400,1.3828272720241879,1.3632723214425737,0.6184797952196940,-0.9210062760138904,0.9284144118448756,-0.2758991832651881,3.1537752191860386,1.1204273798256990,0.3152604723598567,1.9919129390631347,3.1470804406352668,1.5379776885612957,0.2866410369514746,0.0101812966440802
1.0000000000000000,1.0175579865881499,-1.0249855479980479,-0.1457450777194740,0.5032864199609907,-1.7230838569897737,-1.6019320582301364,0.1073393671218763,-0.5601726839312611,0.1113873808689631,0.4069392324596788,0.7362518844608703,0.2135095076257608,0.2573398157490587,0.0000000069354432,0.6407803816167743,0.2396902146416753,0.0923409880149636,0.2356719989507526
-1.0000000000000000,0.3862809309144931,-1.3652189976018838,0.3940986775105126,0.4550704997364645,-1.1149047425319680,1.5881556276420823,0.8495768392732390,1.6613615751033308,0.1548002746003132,0.3572277436995234,0.3465258747431765,0.5872256708032783,1.5037837040513773,0.1410176015606332,0.3811172953082201,0.1775609738594785,1.2072861328337054,0.5963080056749166
-1.0000000000000000,0.3808028596267244,-0.4167388607409838,-0.0982159414136224,0.5663399701599365,-0.2374889884116857,0.2785969545160054,0.5750188714057138,-1.5301481481922776,0.8631742665755668,-0.2480025604484635,0.3772120580326768,0.7082172598781563,1.6660836997888739,1.5385180812880461,0.3682596269965357,1.1443210738624103,0.6762802639823252,0.0768156825983417
-1.0000000000000000,0.6943351006005373,-1.5780878108811853,0.4779421707085772,0.8245994246498740,0.8180719731532491,-1.5134870884615252,0.5133719314415657,-0.4588000556364750,0.7706345989799716,-0.0700860362491930,1.3573540384847462,0.6835357558955296,0.4468721999149198,0.9181126950724616,1.3692949842980708,0.7440142126008361,1.1476544040433552,0.0156850209442935
1.0000000000000000,0.9921714674206128,-0.7190799135064414,-0.4470379120678889,1.4415533679570549,0.3981643171775103,-0.8088200060477502,0.3666606820543064,1.5641852445634314,0.2824525587514931,0.0578024741757268,1.1903437346037724,0.8452147901922542,0.6301018511135573,1.7941794296741771,0.9133813295162405,1.6591020875369673,0.1855128553741535,0.0750079043702066
1.0000000000000000,1.4089018064551657,0.4392728737174313,-0.6276704222943894,2.0205192521901196,-1.2843300112184255,0.7068083264090275,0.9039744776284223,-1.5269525149541261,1.3569755548455207,-0.4812597667021400,2.1700015199632343,1.4031100224630946,0.5737817033216617,2.2246265437040496,2.1782040650393393,1.6554310369490870,0.8642847466223473,0.0026595914720535
-1.0000000000000000,0.4912461336370155,-0.0638045124569804,1.2774113521925461,0.7442974419068215,1.1349092638652498,-0.4565549167357249,0.2016675342297459,-0.6789787389411767,0.1220874640608666,0.1301899787450513,0.6225034498566575,0.3534680407847106,0.5038770013514805,0.0150261382191387,0.6282904240091582,0.1591293369853169,1.5009405813445598,0.0837178124616048
-1.0000000000000000,0.4869673604460458,0.2042796681370337,-0.3149722435804125,0.4409271164325850,1.2201572742266633,-1.6415225148442005,0.8871667921218732,0.6933345327809555,1.3317468043392853,-0.3136247067087674,0.4627051771628705,0.7459817358892570,1.4306706206256476,1.1708753230451749,0.5302520356369050,1.0202063406356894,1.3195173615617122,0.1427580046058438
-1.0000000000000000,1.2894872461102593,0.0534295389131492,-0.3623362877030519,0.7705055061477581,0.4404497671367548,0.5262131544617246,0.6758703568500163,1.5386093707770789,0.6710466791598179,-0.3616958872539753,0.9337112322812923,1.1511920768185302,1.0940884466999701,1.8443503444163374,0.8180803003831436,1.4270677478340170,0.0459780152542182,0.4780850179629867
1.0000000000000000,0.9009708271099219,0.7363413467999848,-0.3673244119636792,0.9117866834694529,-1.2415988450495865,0.2499771234354058,1.4532933093175959,0.9871431228183754,0.3414180067130507,-0.3402678909722495,1.3279240122780338,1.3563366085420989,0.9063823825796528,2.3256352020371627,1.3276170483720084,2.0245714226765190,0.9404431598390456,0.1666240067470394
-1.0000000000000000,0.6347614517664654,-1.8724495216843682,1.7055112081002688,1.0361623923368446,-1.6902220188567048,0.1737504363919859,0.7529156228932825,-0.8080836583377897,1.1302192181862345,-0.4348247189889372,0.6565648338764255,0.8393470484605952,1.1344359017030063,1.0292357210016521,0.7032672426161471,0.9102821996498228,1.5554804913189848,0.0017919983349112
1.0000000000000000,0.5673010935332785,-1.6803176365456882,1.6805899164386493,0.5665006786121977,-0.1865872945895530,-0.4283844578744713,0.3143987121756497,0.2398454041479895,0.4396435200446477,0.0016197646203856,0.6594911935773098,0.5035147215611707,0.6775160916170896,0.6425576687063035,0.6603459674397139,0.5576574251962000,0.5008850236721841,0.1383599767371885
-1.0000000000000000,0.8628154336638972,1.0747913072886772,-0.3939198514315689,0.9424712601299896,1.9214355857418897,-1.5609171456300499,0.2982911722917298,0.9387729255754357,0.4477717804917629,0.0169538067025212,0.8453809531545210,0.6400567302123229,0.6718654674742669,1.0798462621917255,0.8031137620260317,0.8770685680765399,0.0245917728942291,0.1285720007142304
1.0000000000000000,0.6183208653594439,-0.2434611332942656,-1.0063973693418153,0.5539452415541484,-0.0777381012940941,-0.1209801140186379,3.1107730733249732,-0.2950976201859363,1.5016907333802585,2.5396876260506542,0.4977435675139059,0.9475809815088453,1.6893798012998935,-0.0000000031046562,0.5359004894130908,0.5288536457934619,1.3032288376732371,0.7415090241194969
-1.0000000000000000,0.6756959607613726,-1.8798327461355286,-0.0798980591355360,0.9551574086255543,-1.4377073093593915,-1.1144244642776129,0.1342021621355325,0.7335528641350098,0.2002524658602503,0.2285141173393054,0.6697395008363781,0.3829827519730982,0.5074465318665179,0.6952443695374032,0.5884574094802246,0.7128631683882383,0.1628690234957583,0.0070003474197548
1.0000000000000000,1.6694880921869852,0.4677049168060280,0.8329936788343105,1.3622691625576784,-0.7826886112686883,-0.9598500739281293,0.3331378013502044,0.0083361967958101,0.4925140542191099,0.3052305804739378,1.6410991019751289,0.7272872899764375,0.3932672190009533,0.4929667282606994,1.6023003994572336,0.6099051186465585,0.4126235313618361,0.1066189940279067
-1.0000000000000000,0.2698618197331957,-0.1001418145849352,0.5231217028965752,0.4519439283273803,-0.1051625430043052,0.8312054974527791,0.5618621759949639,-0.6640438553460288,0.8434244324619220,-0.1151623530346074,0.2816378082164010,0.5764095201105794,1.8161647467253563,1.2516282724437833,0.2916878901380012,0.9311496474887518,0.9350828499407279,0.3341080016770322
1.0000000000000000,1.6306846240180499,-0.9785083615301811,-0.7213360673816674,1.1253575092456749,-1.2617657095271302,0.5466146364290561,0.5308089180679934,0.3466952434137360,0.2909402604380687,0.3417027299417042,1.2197738724812828,0.8672837709504612,0.6309526607419494,0.0000000076836610,1.0810456364077312,0.4081185790773386,0.4510299753048658,0.3121520141957324
-1.0000000000000000,0.4150957638123908,0.0815304061991060,-1.2021554788901692,0.4836207253706699,1.2021158988432765,0.9979535930678192,0.2731407207286967,0.2170528126856815,0.4057372631777181,0.0463936224887038,0.4532480860045692,0.4173904544329571,0.8171900406053635,0.6289971341161879,0.4542190893743125,0.4923361104255353,0.7496419540645048,0.1468809920448250
1.0000000000000000,1.9450457107844514,0.2084825817488397,-1.0208596000624248,1.2393506938954624,0.1390425115103970,0.9558400575129518,1.8387137557831799,0.5440813240211035,1.8962360673310519,-1.5253054935182784,1.4035871027027325,2.1560280335564865,1.3631107786144345,1.6437089458248419,1.5085333473477740,1.2623928813187497,1.5039803992313694,0.5412640126571187
-1.0000000000000000,0.6402560555344716,2.0690448348333255,-1.5231653485502310,0.4636871668238369,1.8878406305528883,0.7160778512192891,0.4046759320788667,1.0096172191071628,0.3020500439429127,0.4349307112660808,0.4805050926612300,0.4424895430580518,0.8171864826330136,0.0000000115090657,0.4257397392872556,0.0455233395844517,0.7290976021646082,0.3579779949479853
-1.0000000000000000,1.0841068048116238,-0.1691471277754416,-1.6834605802618041,0.9635170097762673,0.0642599999386547,0.5762718427423067,0.8005244711036048,-1.5415066609298236,0.2895401893080572,0.8778311566787097,0.8741717193055213,0.7258637719973385,0.7368403707151762,0.4944325461671997,0.7663623154939961,0.5312610446537178,0.8026619520766326,0.1149850028125520
-1.0000000000000000,0.7406000011564411,1.5518328956682084,1.4794590273189043,0.5081336468280414,0.1476702746674888,-1.0063306179629763,0.9643181500746200,-0.2701668869609854,1.3989466461943674,-0.5560177088589909,0.7146338153656525,1.0211794677262560,1.2680401703208302,1.4218488911426337,0.7597345799456494,1.2823727123046702,1.1588208740086368,0.3890879960949551
-1.0000000000000000,1.6319450132977289,1.3248284031118145,-1.2106593931794756,1.5661431543261375,-0.9608601859454907,0.7984278041128479,1.6957445142311176,0.3217142951742020,1.9540358733610792,-1.3752306669121592,2.7288005290845030,1.9336299862202710,0.6288066493479947,1.8913141350795089,2.7940347224276136,2.2516596294119053,1.5137535206939554,0.1071129990916315
1.0000000000000000,1.4444080644431876,-1.0683599585756407,-1.3415660859227287,0.4424850508432015,-1.8941813626836197,0.9208430089101705,1.1542543117368689,1.4396005844304665,1.3874860810157390,0.8496457876185499,0.9581197598439608,0.8985568793233085,0.8322307587822916,-0.0000000004302563,0.7597312926605387,0.6517624705096688,0.7883139268415124,0.4028289970669688
1.0000000000000000,1.4410470658341417,-0.9453511077287957,-1.3600429214408827,1.3184162372378563,-0.3433406235692902,0.2492533354692046,0.8142274057142670,0.5037995447547090,0.5310740870807464,-0.5013049274701858,1.2307027537302577,1.2278695133537871,0.8853516156239356,0.6174259832511840,1.2524832461189994,0.6318072143124516,1.5282535687436711,0.3045920153524797
1.0000000000000000,0.8201519973476632,-0.1286277400077853,1.5782492147320093,0.5169947179131709,0.4173838802285887,0.5668200201075144,2.3970220287481108,-0.3871377904299036,3.5982255950048829,-2.0892753580010925,0.6154439449849893,1.7089817450635347,2.4641432388046853,2.6678769489481882,0.9236789416706076,2.1404228326445436,1.5731724525997670,0.7290660168233019
-1.0000000000000000,0.5024365380187014,0.6408842544922279,-1.6863983998312677,0.5895607488434658,0.7596521915597039,1.2161786533528731,0.2022376546076128,0.2474679495890884,0.3035836623394418,0.1693247169997839,0.4474346885213017,0.4223294533802214,0.8376031005370100,0.8255909174971567,0.3111201094193418,0.6943718915633971,0.2412109927842958,0.3134340018461573
1.0000000000000000,1.0289800179089761,0.9415149631565560,0.0956082461367578,1.3131253896777451,0.8961191056046360,-1.7337437705515597,2.2521712495205493,-0.0808587074708286,1.1015691821212981,1.8828934339241643,0.9465181819998684,1.5134956761935230,1.4189538917202209,0.7377359182810381,1.0669646243050006,0.6764234673292447,1.4891713737867136,0.4459810085023549
-1.0000000000000000,1.1584200756480867,-0.6608845522586883,-0.3530177870857056,1.1362179447213550,-1.7046798570856649,1.1342042872468241,0.7198636538227079,-1.4888701535581594,1.0791715319377833,-0.2877709017452937,1.1507440752987739,1.0357728060895426,0.7987316259592686,1.2787524257399980,1.1643480226002545,1.0624107095470161,1.0166572316815585,0.1463050223483269
-1.0000000000000000,1.5898060746609524,-0.7393417920606744,0.0583363914438161,2.0301389681109638,-1.2576878151605819,-1.5037757244127414,0.7534355528200680,1.3086026813302836,1.0542390288794705,-0.4268402686410867,1.5387564861775507,1.2663335863434098,0.7302901037941388,1.3082099156222058,1.5590783302421258,1.0281181286489423,1.3600891830509592,0.1334590162208287
1.0000000000000000,1.4010978659399056,-0.5155184496129654,0.8077135088510370,0.6545301086303017,-0.4756769306572260,-1.6255173824069775,1.4686746442369367,-1.5409603327703123,0.3085916763265313,0.0750200282463872,0.9364817742188428,1.3666539149811578,1.2950179388630403,0.2605737072859931,0.8630670877959334,0.3337663444986376,0.8858778523240904,0.6843000087776785
1.0000000000000000,1.9056185551618239,-0.0566250582446858,-0.6899263924853374,2.4360399418095668,1.1254683507048195,-1.0186367011490514,3.3659715598614097,-0.9632556484684018,0.4435887072607273,3.5917129674190202,2.2155687828701431,0.7245879730153225,0.2902156415324248,0.0000000170997580,1.4726576818113877,0.7750717458204009,0.9893745821832797,0.0549975057922194
-1.0000000000000000,0.5231621811051257,-1.2979627851697335,-1.4936112325779312,0.6260719880839173,-0.5258759207423274,0.4754638754041543,0.2823717275881851,-0.4876074349770589,0.3802005428692020,0.0886847872474499,0.5156026959198864,0.4408883434177028,0.7588033556228936,0.5661093631080704,0.5207032623178047,0.4394364962126536,1.0163431202238251,0.0817518832721119
-1.0000000000000000,0.6352528406031215,-1.6954038069079578,0.0441682475361400,0.8530961412078587,-1.9169431846751859,1.2213629431658226,0.7106223779175233,-0.6001260830585136,0.9861338168879422,-0.0094889144901866,0.6046369129660524,0.7934697273896100,1.1645333802237021,1.2872544297866790,0.6107301757881225,0.9593883172429619,0.9769415818128434,0.1784229895563338
-1.0000000000000000,0.6723528474374052,-0.7070431064977025,0.3255077283018683,0.5263315012236588,-0.7397531863406948,-1.2492451650791103,0.3663003795213404,0.4803578693105515,0.1459380777457915,0.6388213753459385,0.5154975037995418,0.3880872129133466,0.6680646687018998,0.2231970357362723,0.4795333468567058,0.1703204235272095,0.8587775621498518,0.0210965071258624
1.0000000000000000,1.5239880000704455,-0.5703341719418858,-1.0940549355830949,1.8524279648842257,-0.0963222219110657,0.3663523974949651,0.7281255056111616,-0.1093691781615367,0.8379405094862918,0.7025153034673380,1.4257979500668081,1.0118030258560746,0.6297297570116446,0.0000000049869715,1.3882322227389299,0.2002658064252951,0.8307957897114704,0.1387659985955978
-1.0000000000000000,0.7870239433367753,0.1422303882091071,-0.7445785285263800,1.0929070639732885,0.0818248783709703,1.3439822437081086,0.4929236691990938,-0.4336612555236754,0.3869972213903948,0.3418323369582539,0.7518426823268134,0.6638583429535356,0.7835429248507807,0.6462671804350918,0.7366229360870288,0.5228708357264479,0.8721225294964480,0.1360960146322532
-1.0000000000000000,1.3931539110546947,1.1328647165756462,0.5643109704679847,1.4323043795423793,0.9700892046555786,-1.3677459933022498,0.7314605747131210,-1.0186296602513052,0.6379037271688719,-0.4036398577034413,1.1779696988139636,1.1583247081669887,0.8725943537663133,0.8529573677429915,1.1938700630311752,0.6422910133610054,1.1981665015684144,0.2849869937288285
1.0000000000000000,0.9400657443985890,-0.3798673346751738,0.0724701678177564,1.0086878499266205,-0.7178018665390972,-1.4047361564535989,0.7317536534301821,1.6273468658018269,0.7896005401312074,-0.3959809478249595,0.8222711901751734,0.9650173191425718,1.0414408341006121,0.9085068575249664,0.8544942160696686,0.7031313150529704,1.3738343819342689,0.3183630136014904
1.0000000000000000,0.5482316111681755,-0.3528732081932379,-0.7571081366023853,0.7141635415935822,-0.4761390722810710,-1.3484228945532313,1.1790420888121476,0.9155646992370811,1.7698875608664653,-0.8019199884749569,0.5103414178265598,1.1475505737990159,1.9953839769897792,2.3675375093350985,0.6059674455240761,1.7682210073078251,1.2719436909625330,0.4403260111098473
1.0000000000000000,0.5505524132357068,-1.7108344949610848,-1.2846277933107217,0.9050557699490918,0.6846440956491171,-0.0805874447024321,1.2512620696792633,-0.3779698924834863,0.9829143274911309,1.3803547787624788,1.2600330258586694,0.7243114138460667,0.5101038923903271,-0.0000000071617540,1.2617546281813452,0.7917742096727054,1.3679725098742133,0.0618064100319928
-1.0000000000000000,0.8546791717000969,0.5679031266333098,-0.3256541756908121,0.4455537035552812,0.4514361341117855,0.5560045807157887,1.0096511867961246,1.2511810052101335,1.4373440926652021,-0.5211220501784225,0.5864574330907170,1.0882526656309581,1.6466803487836519,1.3625628814766988,0.6182201499660360,1.0174875212429584,0.9936455488258448,0.7438859920996626
-1.0000000000000000,0.6233610626144579,-1.9290766813132572,0.9706814406664862,0.4852536315137533,-0.6332770654210143,0.5860935440631280,1.4381630393864928,-0.4513629533341493,2.1588430426862102,-0.7217028097064568,0.6046662296921329,1.1813414227706560,1.7337086160207731,2.2189514633569880,0.7086315058519135,1.7848500125778655,1.1590893328277170,0.4937779933755843
-1.0000000000000000,0.6969244958652621,-0.4368249538947433,0.1575296494425094,0.8227779723397910,0.9903550131730816,1.4445457517283258,1.2194734746940121,-1.2600169160054180,1.7542095065277501,-0.8804610444212433,0.8578616403467871,1.1386324101669072,1.1778271104842823,1.6769716810341000,0.9466836327426742,1.4594114971119443,1.4966037358922109,0.2163449907867546
1.0000000000000000,0.5446198902889829,-0.9216037299007006,-1.0720990892868763,0.4526360703112683,0.7196833641247020,1.3719898529721832,1.3206543949629261,0.6054304813852319,1.9536080438614982,-0.9121165970431259,0.6273185761636003,1.0461172027978995,1.4798191761949131,1.5757296208170692,0.7489391134179384,1.4663531689797502,1.4279893575805498,0.3665819869923828
1.0000000000000000,0.7032797363909522,-0.2822692658788453,1.6935944618843475,0.5611990666970599,-0.7124273099611207,1.6887853124847756,1.4826191687969692,-0.5414532376252998,2.2255773670992101,-0.5909615089744645,0.5590852047592242,1.2513281358615200,1.9861349011187650,2.5812604434389943,0.6326486993498177,1.9323774576836501,1.0456218557321642,0.8400080290678948
1.0000000000000000,2.5802347715770058,0.0416473167965373,0.0252985650755756,1.1052461968854823,-0.1047366425745666,-1.7313034490065815,2.4608955494712119,-0.2451373422455593,1.7782400659018045,2.4671650142957864,1.6976350599614707,1.5605809661725301,0.8157503365024701,0.5786558263797390,1.4154148086237488,1.1439895498713275,1.0563119805629895,0.0393047152633302
1.0000000000000000,0.8537739463978719,-0.2465523458525898,-1.3995038296945017,1.1886446651155604,-0.8665090248621932,0.9930068146976081,0.4975859522759740,-1.6393067802261634,0.0132959701790350,0.7791418388609822,0.8751174320006795,0.4835675180724038,0.4903519765131022,-0.0000000130678177,0.7531570185979467,0.3283998478550885,0.3651461371872075,0.0467676090378482
-1.0000000000000000,0.6233215302413453,-1.6404331840911290,-0.1224661742151736,0.7238046602875292,-0.8566314665573623,1.7313405375075790,0.7519795186722679,0.8462271095248920,1.1200507788607073,-0.1084852417384655,0.6071823475370498,0.7491583194914613,1.0948905991322135,0.7148358194389612,0.6478860194707925,0.7973965847852501,1.3593293299063298,0.1138180027280639
-1.0000000000000000,0.5703666048963670,-0.4525390708751372,-0.5514534615290270,0.8954361123502305,1.6864101876774866,1.2614225215917398,0.4983430229287199,0.8093203385017734,0.5521692734502356,-0.1532590769514731,1.1283534724989717,0.6111425853105898,0.4806350043708141,0.4057908066777238,1.1438098055352848,0.5190017309477482,1.5353617520513119,0.0519451974257417
1.0000000000000000,2.1229200395711838,-0.4950951832330101,1.4241607107019676,0.6130622714389543,0.4564110781615930,-0.9968457278406428,0.8585046583483844,-0.3901104313780022,0.1640922115402962,-0.5005934258529348,1.4142163956531812,1.5490570169499025,0.9720076340019513,1.3510545643105634,1.2017779583615724,1.4187756682468857,0.1932254437081456,0.5556010056363443
1.0000000000000000,1.3898694647281531,-0.3719122861508606,-0.7762532259268797,2.1564734050619747,-0.6370575931083541,1.2038339292238245,1.2695736861761249,0.1815578224628291,1.9057866347546428,-0.9199990562144557,1.4165605197654982,1.6164108604335705,1.0125862142277420,2.1424343576792655,1.4810566901080129,1.7311582543096995,1.4648829571326414,0.0063985080536843
1.0000000000000000,1.9449948203568905,-0.9146997675821862,0.6695840380876363,1.0654004823695045,-1.9799897569046863,-1.3748127185742482,1.7514773351375867,-0.8641585565429772,2.0799393691862460,-1.4316333599272419,1.5786957707147138,2.1106238437285270,1.1863915963144298,1.8402429814372154,1.6501547022589054,1.9480787367518939,1.4064873625972163,0.4341009859038378
-1.0000000000000000,0.5851929175410746,1.0691740293143948,0.2680978991010627,0.5730473434173149,-0.1637405384376533,0.5803628536797326,1.1795893624504479,1.5257772173357793,1.7707092857320395,-0.2413575427193006,0.6126800785860483,1.0023073035878349,1.4517214386449142,1.9766951598588935,0.6333539058996214,1.5500522824467868,0.9914619362758517,0.3700459985590576
-1.0000000000000000,0.9936075092359338,0.1956452184267987,-0.2512031563563222,1.0627218615978411,-0.8526442099631627,1.1343532904025577,0.5524658616288853,-0.3864683147345706,0.2112527718865615,0.6553388804485922,1.0188447189040846,0.6616647240069584,0.5762963277717128,0.4030087005529240,0.9812792504218883,0.4416992200863964,0.8012129628498896,0.0528721917542433
1.0000000000000000,1.2494286318150452,0.0145282379539593,-0.8432859203871256,0.7137907308952980,1.0054554970613998,1.1963862223817401,1.1589518791045410,-1.6134657715863299,1.1219950951381930,0.7780328334092476,1.0012292782072731,0.9806017213712401,0.8691114977293671,0.0000000004163152,0.9402965995430649,0.8054262965612043,0.9623047169764019,0.2384800083675420
1.0000000000000000,1.9064714873263631,-0.7861856892246747,-1.5874369067612042,1.4650182857594418,-1.1809744776300499,-0.3199455016256461,1.1346725405442830,0.1999670474193320,1.3653570382829450,-0.7454932533112978,1.4919573176729852,1.7279894096124742,1.0277804160751105,1.8562146359553484,1.4627209747977279,1.4862706618504058,0.5905615527760937,0.3949370047217247
1.0000000000000000,0.9364042767994686,-1.1644173846612940,-0.3299867839625139,1.0072542520408034,-0.2905655384095523,-0.4829415704255357,1.9089953901389227,-0.8867320524825067,1.9401721898897391,1.4887274424045163,0.9069783666994420,0.8553910878727113,0.8369220551789750,1.6428325176758265,0.6077422519350544,1.3350899218546961,0.9200356088317746,0.2886400006189956
-1.0000000000000000,0.7578119575338779,-0.4261344388684236,1.2980418254759782,0.7529934645105262,-0.1387650135279039,-0.8115252844727543,1.5007141869123923,0.0767555473222127,2.2527570766303637,-1.1166008780306806,0.6388508600538185,1.2624425944750084,1.7535905921315560,1.8207112622003323,0.7870676030741870,1.5574500584265103,1.4827115681623919,0.3787329968693368
1.0000000000000000,0.8839319469086392,-1.3345677807323391,-1.0050775975821493,0.7274926550608624,-0.7293170679203658,0.5210925108820330,0.4177026942103601,-0.1690442885029557,0.5973634098263765,0.4754609116922638,0.7263019600205185,0.5451214339677405,0.6660270145994815,-0.0000000017128085,0.6933039599910319,0.2386578431054211,0.7511973489990228,0.1790859956927493
-1.0000000000000000,0.3847977841488601,2.0516715015064806,1.0701121232711990,0.5837727245782213,-1.7444783419434879,-0.5284565195043187,0.3276409119650042,1.6692320259528444,0.4324429172561525,0.1432646743406280,1.8865761765288098,0.4029787986142958,0.1895504695271512,0.3847185376605725,1.8961379459602827,0.3700436161949467,1.3616546264806577,0.0047982665164327
-1.0000000000000000,0.7465745166205051,-0.6302291310058642,-0.1823383181732250,0.8082510236823875,-1.0209983673713159,1.1184861754089694,0.2748361705576116,-0.7126016003689151,0.3410602655247387,0.2894818362039444,0.6602797378609200,0.4716558345035058,0.6338900328506673,0.6885852936165877,0.6239588907862068,0.5530073518713885,0.5369488106392404,0.0122513015814193
-1.0000000000000000,0.6352171393311554,-0.0248106202641654,0.5394880615505089,0.5823454782939617,-1.0975223772646587,-0.2528619708221218,0.8840905998969671,1.6452510454522131,1.3271290168578667,-0.3720931549123040,0.6172733949778899,0.9382560867433809,1.3488378807130048,1.8936505253630438,0.6398245131307398,1.4247784631208509,0.9880421316211315,0.1131880019271241
-1.0000000000000000,0.4724275215630889,0.1478636625645609,0.8315966036970611,0.4926809897700785,1.4242073395043438,-0.1767915428528995,1.0689573255614990,-0.7114977802892217,1.3333351504417996,-0.3064652540297870,0.5207488556621370,0.8424111102705618,1.4355282661984656,1.1245366335913918,0.5939153372501518,1.0458796164247477,1.2273035055974708,0.4286799834338111
-1.0000000000000000,1.0568132337831129,1.7971860165431846,-0.4570930985082762,1.1857795632652262,1.1180211264878550,1.6097533694448212,0.3241028792712940,0.2919040262757522,0.4741026845008202,0.1686899811918948,0.9897941803223489,0.6474578360642054,0.5804746886662141,0.9453594177557233,0.9643575044242907,0.7228952011514508,0.5116015021333850,0.0493732937567931
-1.0000000000000000,0.3226894506868140,-1.6140452636230256,-0.7443466276011527,0.4639571804376347,0.5209996667487591,0.3932801060441303,0.2231191927624344,1.2910903512070009,0.3349294409509490,0.1070858435320349,0.6026349752391570,0.3542570867772997,0.5216508009459561,0.6117779662187010,0.6001018182432317,0.4755357355597735,0.5143982090522027,0.0370371939026517
-1.0000000000000000,0.6130592924659105,-0.8689372926480868,-0.6691136991201572,1.0164130966804992,-0.1721079968279877,0.8107283708420526,0.8227264265177551,1.2155711612582765,0.8163251336796244,-0.0968449184603483,0.6913108765925646,0.8404953937946690,1.0788942564394144,0.8327795336624304,0.7323949813593614,0.6883000733640133,1.3167815275817871,0.2608970175206374
-1.0000000000000000,0.5422850713034610,0.8792958287797018,-1.6835545185280845,0.6725499518094954,0.4649762841449248,-0.4648854098372259,0.2129497558501902,1.7029708597740738,0.0512842554810138,0.4368806602247765,0.5067750303368275,0.3055082555424611,0.5349625767752155,0.1272135052963601,0.4619764801358846,0.3054253426079268,0.4668676192613382,0.0469207897753433
-1.0000000000000000,1.1140559836616941,0.4881618649101088,0.4693200112880609,1.7368662184098693,0.7837297330512807,-1.3099971937763708,0.3769840134660323,-1.6234777128787554,0.3104008365780318,0.2661634404668831,1.1418064799450833,0.7183216898056695,0.5582660448697595,-0.0000000020613799,1.1504107761395708,0.1518244952458014,1.3113198249360154,0.0951517037976998
-1.0000000000000000,0.6124660347045218,1.1983971598257068,-0.6279631277929981,0.5904071932192191,-0.7434199334996785,-0.8717362902340938,0.3399288010501195,0.1732982881916233,0.5058438188413020,0.3067644437888474,0.8633827602335958,0.4615446291978565,0.4743774380427442,1.0040081805169150,0.7582305667145794,0.8658705867934128,0.4026599186023126,0.0367051066524206
1.0000000000000000,1.0750209328962026,-0.1480999093708823,0.9339264881781313,1.5861753247270005,0.2285381619769100,-0.7019627569353230,2.3133544993466120,-1.1165291309341472,2.4008936960429401,-1.9283389819565966,1.0823467936275633,1.8084126818539137,1.4826769781591456,1.2627538478346201,1.2655648001264930,1.4693746371201768,1.5661605653344641,0.4133389749206626
1.0000000000000000,0.9409403325801637,0.1245039344588979,-0.3533004956941288,0.8766340495083876,0.6737541600349680,0.5569044853397312,1.1944347724312154,1.6038185303238974,1.7929938954243807,-0.8734952237123976,0.8043559887752804,1.3729175242076808,1.5146514071680834,2.4710559958100684,0.8586353099788839,1.8646154314348544,1.3478386498092922,0.4055599841146496
1.0000000000000000,2.3589994869650455,-1.2428914429692051,-1.5046664393514062,2.8661043718720784,-0.5624580932396636,0.0838578514235887,0.8935450943601316,1.1930749467163606,1.3237880566243565,-0.0297116214373337,2.2903061059561249,1.5753856965800612,0.6103933324005441,1.6690890745811811,2.2913830180452592,1.3020453423651455,0.8867188830185647,0.0426946150669510
1.0000000000000000,0.4037615629516426,0.8348686087329650,-1.7172999362398156,0.4830078306854625,-0.3628929549850384,0.3347661607844515,0.8552585158446435,-0.1603449264130910,1.0126100769501949,-0.4650940109097899,0.4558234917621947,0.6964289548006944,1.3558017159187565,0.7687161449373485,0.5268095060657496,0.7680744123077230,1.4808623685027416,0.3594339855983617
-1.0000000000000000,1.2119148861871325,-0.4069640997832670,-0.5992206161225490,0.7106406156180928,0.5094959374695452,0.5970912071440085,0.7596245336639433,1.5679658646998273,1.1402884928330395,-0.3780152476552343,0.9583861949328918,1.1131727789302479,1.0307159470021738,1.6344113216184573,0.9287190354080295,1.3062481871241314,0.5686290875891068,0.3339820035287729
-1.0000000000000000,0.5804735950074255,-0.5069503825313425,-1.3154797509418155,0.9584832718002485,-0.9212677488821616,-0.0356131061182044,0.1149385522782367,0.3808888190628511,0.1166920714092203,0.2765171274809400,0.6217169304702195,0.3086400284684934,0.4405315135627904,0.3618782765159865,0.5907201240599447,0.4341456241932137,0.2652298421660985,0.0566565974648675
-1.0000000000000000,0.6902294093731647,1.0416677077495271,-0.1488379916356194,0.9514137469458592,-1.7238993729849794,1.0084543218301689,0.6845597503689264,-1.4963431366962494,0.3674202613003169,-0.3591959875021161,1.7920789887412487,0.9027691916862852,0.4470275588657392,1.5678200775892606,1.8049076760162699,1.2117382219201147,1.1887987984175596,0.0214195937409123
1.0000000000000000,1.1224328352292794,0.9448787153841638,-1.1304399840754260,0.9115787683481824,1.3652141069456620,1.3485205308578250,1.3476314586536209,0.1288997507796375,1.9049136703185312,-0.9368866090644989,0.8978011172731981,1.5213995987470219,1.5037620085434482,2.7758321847565846,0.9566837054123298,2.0964693950908582,1.1211671871817674,0.3416940053542701
-1.0000000000000000,0.4144795894470920,0.8199760960525662,0.3314986267922284,0.5453092579805299,1.3139977357407679,-1.6205927233050874,0.3125641093851245,0.3878722356508092,0.0422675057209366,0.5497868706026633,0.4046741275296696,0.3480938334732608,0.7633213675800331,-0.0000000154300072,0.4013847290180124,0.0803893179492366,1.2216950724806157,0.1478730070741233
1.0000000000000000,2.4320232873058916,0.9975197331447840,-0.6766126538133830,1.7255257153942667,0.7282254119920630,1.2353859914986374,2.8053145336923087,-1.5466284701926352,3.6238648866792356,0.8754182973592818,1.8259446613342019,2.3693695136287825,1.1514943792378221,0.0000000017721890,1.8390823634649476,1.9161044402585268,1.1149152486048266,0.3177270119667869
1.0000000000000000,1.5327978025543862,0.3006390941333462,1.3433561355425570,0.4375969943520850,1.2290297692458352,-0.6947082821369653,1.1063842790583271,-0.2064638336522986,1.2719529898131641,-0.7686867242540789,1.0174927618648886,1.4686880039932213,1.2809003582647474,0.9739285108613109,1.0038629621252231,1.0943516376828253,0.6492661096870257,0.6108800197869667
1.0000000000000000,0.9492878785894245,-1.7435291993676738,0.5297995773099190,0.4665179924347017,-0.3106039349846411,0.8489054946365532,1.7189019995313108,-0.9793937697870726,2.5802838781341335,-1.3491430057364535,0.8204529773607070,1.6077069033055726,1.7388824453660832,2.9690692328250510,0.9577465011538557,2.4016635458587001,1.3375739977868488,0.5257830049397895
1.0000000000000000,1.0543549194614796,-0.6425728651930873,-0.6935323461907831,0.8840100225072606,0.7553255386777555,-1.0711184742720747,1.3580756203166537,-0.2637000400734242,1.4131373210163221,1.0658803043636482,1.1049905968697733,0.8065419158328749,0.6477166400114205,1.6555553561494230,0.8672950381193294,1.2455191673845125,0.8014358748294521,0.0438479981082788
-1.0000000000000000,0.6991969469236206,-1.2577166672945468,0.5462995679755354,0.8341161485597033,1.0724561296770143,-1.2638866935683759,0.5013976151646704,-1.1043261334920584,0.1378063881996073,-0.1796548383317890,1.3268450461511663,0.6691457757530697,0.4475243149850986,0.2259932560992935,1.3422695468456862,0.6026184993492592,1.5103084109313181,0.0697136883134510
-1.0000000000000000,0.9123585236506950,0.8478456743086675,0.8148370853399138,1.4428882547603110,0.4670226539746080,-0.6217162590573639,0.1032939710841388,0.8049601272124149,0.0045530627140848,0.3579087643375181,0.9484295831281521,0.3214288642580095,0.3007437389552796,-0.0000000074246744,0.9258881212867663,0.3792658992031244,0.2262478456748555,0.0152406080889413
1.0000000000000000,1.1724455375994574,-0.3336297336860834,-1.1387398300582869,0.7597200906628233,0.8456771444003366,0.5832005769475465,0.3742555110653189,0.8794140088116010,0.2816635161309229,-0.0159391917243438,1.0331236154480414,0.7319917681701434,0.6287379741836653,0.1349244762708159,1.0079036933190511,0.5700457764413059,0.3481483343749968,0.2355480094597467
-1.0000000000000000,0.4147291039769861,-0.3173303462757700,-0.2734036118634286,0.5385868578237588,0.9584652199519466,1.2209322342865854,0.5255036338966055,1.3346643435643448,0.1527747748127626,0.0608947533177378,0.5022336498888696,0.5234673649189466,0.9249113230177224,0.1800865413990379,0.5258302572114724,0.4000087558195455,1.3076062266102471,0.2565929716559644
-1.0000000000000000,0.7954645063967670,-0.2487908299624269,1.6386165586016443,0.9855485030690148,-1.9463698891744716,0.2421297096918397,0.1499745057015517,0.1264359877810901,0.0494246286479331,0.2628312939978993,1.1362187872359244,0.3830410994450056,0.2991558251371210,0.1508623824000568,1.1234019798470607,0.4274530837950384,0.3369328076667861,0.0553069910270353
-1.0000000000000000,0.7257978960926685,-1.1220102401729213,-0.8036759679680496,0.4386470296253714,-1.0056589818669943,1.2811487882079278,0.9840424705169465,0.4425078089564367,1.4759761014773181,-0.4963452222974716,0.5166516881119712,0.9435530265031080,1.6206330110451368,1.1833618911009418,0.5906031128663700,0.9872842763385421,1.2586493573707507,0.5248690419851276
-1.0000000000000000,0.4812244522518426,0.1191078112358523,-1.5978239731821164,0.7204037345534547,-0.8276086456468441,0.0118416556189354,0.0590254371420695,0.6810323100530158,0.0567518658888978,0.2570958285286981,0.5558091852165694,0.1957152476218812,0.3124749146626954,0.1818306155798937,0.5565856596877301,0.1458018669390846,0.0077816493630006,0.0340524020142188
1.0000000000000000,1.3985645617537827,-0.1062762577116338,1.5755764243184014,1.0207353746282486,0.9056177359549671,-0.3083891080409695,0.8471813167730059,-0.3367790916953645,0.0806627127201679,-0.4178236600259135,1.2222713301336454,1.2081039046850541,0.8771050485278050,-0.0000000014609798,1.2318314340090437,0.7750183319454621,0.9233794951254019,0.3182590184889417
1.0000000000000000,0.4700175689408052,-0.9684931063767762,1.2824032352983039,0.5006869974067424,-0.1879515638927593,0.2302945333898621,0.8205805367834268,0.2599860116233968,0.0518064308231938,0.6020341414595244,0.4428693217596846,0.5610623966500700,1.1242202648040671,0.0000000139039035,0.4282765113594210,0.3530274366430901,1.0812438649921658,0.4480429906723479
1.0000000000000000,1.1265766625577853,-1.3952648693462237,-0.8943872395652321,0.9223149583845772,0.3563056000445456,0.8289363231867292,0.7098162065163887,0.5911412171852924,0.4560044667983141,-0.3152848258942791,1.3480101868080812,0.9914382071904141,0.6526609682506430,0.0000000076024399,1.3639608560320560,0.9028754256137971,1.1003999828556317,0.1649290029625685
-1.0000000000000000,0.5491482648934010,-1.8176723626126450,-1.1106488763523090,0.8681373577952889,0.4281024571843079,-0.1777626719409919,1.1632732162645589,1.0545158626714488,1.7462165292514671,-0.8514978341710725,1.1363586202973495,1.1423987346795026,0.8921113580727049,2.2479543661579946,1.1981682788171075,1.7375861249410309,1.5591891892964265,0.0157263951995356
-1.0000000000000000,0.5290094728326465,-0.2933205824100458,0.9798536262507586,0.7449188825555585,-1.2617822816882354,-0.6042370787609893,0.5180535759549518,1.5313240312482206,0.6492360314645528,0.1747301187818865,0.5992550999676283,0.5768067812406457,0.8541521879143359,0.5637072430131497,0.6180564035418511,0.5099151837963647,1.3251664564120198,0.0999190037036147
1.0000000000000000,0.6496233409907821,0.2390379877802865,0.1032375672854806,0.6460462268476066,1.0965195816898587,1.0367047861350929,1.2983750138121501,-1.5943032282828535,1.9447933565857600,-0.8227040660783002,0.6115093223326470,1.1670490268303897,1.6935671620251458,1.9443328318242579,0.7209744393104893,1.5394039209138706,1.2936533842332889,0.4774819958890114
1.0000000000000000,0.6886138298033085,1.3554712653805356,-0.9402592614518486,1.0397110177952997,-0.7531129145999033,0.2461726508285699,0.9723873921516221,1.1574155032547264,1.4596716378098098,-0.6084918328987688,1.3040415052507326,1.0811078349563703,0.7356860493208759,1.8462499393389715,1.3418083142858028,1.4538091479509474,1.3333132244651504,0.0525881026822968
1.0000000000000000,1.2787042968562321,-0.6226045308997107,-1.5795846150459667,0.8665665844918845,0.4939184319826001,-0.5473032596846046,2.0297307975839400,0.0405072467857678,2.6472577975493303,-1.3297922519743226,1.1200418411858328,1.8923473385627358,1.4992784326681079,2.2650089499681050,1.2565574784619442,2.1107580674663073,1.2066173485531704,0.5297899798943448
-1.0000000000000000,0.5508261203717583,-1.2807998755746266,-1.5653156066277079,0.8907538607857275,-1.6046363067165086,0.1968946498712920,0.3055416526609402,-1.2748581284179077,0.2249162617132734,0.3758095606658596,0.5778348529581110,0.4556782994622604,0.6997952486458043,0.1533558436392247,0.5862181176249953,0.1700331936814589,1.4908026401074064,0.1211680028760599
1.0000000000000000,1.5788067528897520,0.9951904517615812,0.6962501915524346,0.8693587889579323,0.3751494882777798,-0.8555600643049106,0.8633550497917813,-1.3823663133142001,0.0284448166182881,-0.4516549343092308,1.1512768109957090,1.2958320531577818,0.9988156012853785,1.0059378085851658,1.1301132416347739,0.9264328464274368,0.6533547034785897,0.4082319921461514
-1.0000000000000000,0.4622415974324761,0.2890554897751698,0.7937427190503854,0.6947078903544845,-0.4986571641863874,-0.2107263800182385,0.4075287099509758,-1.4773791974197426,0.6117508871635424,-0.0886291680180421,0.5101842245716784,0.6026718098837722,1.0482621109834671,1.1594446903770343,0.4997873932749479,0.8645979151354491,0.3629012079734327,0.0204188993347730
-1.0000000000000000,0.3503712272061681,-1.3443223145347625,-0.8759379881703611,0.4901116508015420,-0.0773710942687925,0.1303798386020039,0.6221032880115507,1.6091722145054093,0.9338537435301291,-0.2147429600633713,0.4342707263241474,0.6206599354670341,1.2682604814890237,1.1821442769456905,0.4699678236592546,0.9027797592114845,1.2164107619247266,0.0612023045881612
1.0000000000000000,0.5817822878226988,0.9661117319407666,-1.5079907216213875,0.8969683708846835,-0.1920236596331538,0.9672020661753251,1.1523387338742297,-1.2673851096790398,0.7089118319020291,0.6623345019163369,0.7279270211734871,0.8136705079457456,0.9919220801216443,0.7657096397497680,0.7086148370970679,0.8208383504294627,1.0658317838225564,0.3015840231159684
-1.0000000000000000,0.7386546860407143,0.9409936206848908,0.6998561433034628,0.7039139207359064,0.5916043990045535,-1.3362546996087534,1.1218556013649752,-0.7223264539842331,1.5006363238182012,-0.8101655592992739,0.6165115473316145,1.0645594673474197,1.5323041554289196,1.2109855388639899,0.7146877055722881,1.0087369528296364,1.5767747105745538,0.4613239793282153
1.0000000000000000,0.6504813321814369,-1.3729975111581623,0.9296689087599801,0.8382841898391453,-0.9562055980720311,0.2015388631135664,0.9767691458433156,-1.5152739348774478,1.4662508888675934,-0.4065488495166074,0.6172634487119323,1.0610954746107928,1.5254558516075758,2.1796968057359054,0.6271339911687789,1.6232075755597575,0.9213832672711602,0.0873934776237117
1.0000000000000000,0.8482386687612796,0.0346253819272749,1.4012771906077257,0.7031381708780330,-0.6915651020418061,-0.4856898871462990,1.2183561394672968,-0.2917138185121592,0.3977390547542776,-0.8865790351790902,0.7204079533777249,1.1513928157489000,1.4182728418862940,0.4868909408573182,0.8209446553205466,0.6895348976315635,1.5173101314959352,0.5139830110004031
1.0000000000000000,1.6936129254576660,-0.1881450614949178,-1.6925610339052279,1.3388190368894366,-0.2205415472078269,-0.2931602295725134,1.1526123351103112,0.2113625341956410,1.3575795826649084,-0.8338081937629671,1.3023632782402230,1.6246131636394590,1.1069649438840139,1.6118971010411109,1.3251137743255814,1.1994856601119923,1.2109998514177900,0.4096479981510150
1.0000000000000000,0.7489221017807939,-1.1330597496135888,-0.9743912728526843,0.4377684112415636,0.2723163502297562,0.3840761950349456,0.5376033728422193,0.9679639312670009,0.6985208557699494,-0.2223389696753136,0.6834455196249747,0.7329895985413001,0.9517192428751254,0.7451878276290169,0.6892631612750862,0.7785426502055698,1.0988091245560696,0.3073419996835263
-1.0000000000000000,1.6473109772281855,1.3066898634443433,0.5711031236585115,0.9298686955159023,1.4128386978998688,-0.8072465773438742,0.5197148179525173,1.4950739078925670,0.7480777945666273,0.1322877537527654,1.1535278818441714,0.9321579332474611,0.7170938868111932,1.3320283887242690,1.0341103126087090,0.9928488170333083,0.4343006403307672,0.2694430071004215
-1.0000000000000000,1.2728698247624817,-1.6755664293430148,0.2433357353565556,0.8273852356392829,-0.9785474205028615,-1.2066126946924840,0.9756471595039842,1.5691083709903402,1.3972829632566690,-0.5565447765143158,0.9841999380215569,1.2543690341576690,1.1309891905688201,1.3692250181050256,1.0072619858151750,1.1635977026110087,1.0187597470957517,0.3810980148514735
1.0000000000000000,0.8682692741800930,0.1815355293298407,1.7221326848894754,0.6015847383239218,0.9600880678189021,1.2045185488961181,1.3719403901682754,0.3707931371179902,1.8789491810880774,-0.4930662112109614,0.7024395487774766,1.2785366681048977,1.6151737935439303,2.1229746427246439,0.7281268802839864,1.6786858975475827,0.9711607636604465,0.6680200126351459
-1.0000000000000000,0.4197322892109597,0.0976233128993367,-0.8140519855500026,0.4306860404775866,-0.8737915159755488,0.0563383328583355,0.7908282786067889,1.1465207369014407,0.5828030649402168,-0.4691829613550073,0.4130609212247319,0.7622684169254981,1.6376066151089885,1.4244604151636704,0.4787044418782404,1.1034249068735498,1.4686067130034082,0.3389109977974043
1.0000000000000000,0.6880574763144597,-1.0874233220172191,-1.6533818168484635,1.0235725564794478,-0.8039684831035380,0.5308844586211462,0.5357996298680689,0.4767709319046894,0.0879769747841776,0.3995428520411883,0.6865157496495196,0.6423031841932547,0.8302399953474910,0.1501605776336491,0.6612651397771775,0.3319752766551045,0.8654602010423229,0.2492830145473948
-1.0000000000000000,0.7585669305699740,-2.0439958728823178,-0.6350092171924049,1.0090671799301054,-1.4675044958975230,0.9842119842458953,0.6419175946404722,1.5074756005491159,0.7763272617447987,-0.3253176759437280,0.7475870084328671,0.7986677252335230,0.9480304658598865,0.6399281653627635,0.7799418718329058,0.5994413406464355,1.5579834010357230,0.2096539928386346
-1.0000000000000000,0.9379689471918579,0.2017569298485149,-0.6965032732990269,1.2460388035930072,-1.6389232863226573,1.3977339264803967,1.3140184873630314,0.7128779980917983,1.8730613201609330,-0.9415955021502287,1.4761467017664762,1.3589668341049519,0.8169498502865917,1.8551496327524544,1.5426276886065780,1.6526031318914927,1.4531542138066933,0.1127899981845970
-1.0000000000000000,0.6228886898455126,0.9965527685685233,0.2144082643095000,0.6297642615047307,-0.2644235502942727,-1.6542481148774697,0.7568869741565407,-0.1068673005722403,0.6360415739851724,0.7721576634668127,0.6681943231416575,0.6315195581621114,0.8386888545192289,0.5052708285067737,0.6786414243779550,0.5114058484193991,1.3077277910835483,0.1353840155178310
1.0000000000000000,0.6360498142916703,1.2583290427812854,1.6576014641547754,1.0053362814740376,-0.4384258007231828,-0.2797294858557411,2.4140336579056654,-1.6100218441620116,1.2494920331425130,1.8854597860139464,1.0066105109782209,1.2880960831743959,1.1355395433463449,-0.0000000051518534,1.1509287413269766,1.5278209539820418,1.5136320364918312,0.3107270130922361
1.0000000000000000,0.5307993834842236,0.1547465456847260,-1.3691157054095331,0.8003414656587614,-0.3005279327396641,-0.1174295934484771,0.4741572223723982,-1.6702748550233684,0.3050590092071670,0.3142274743318503,0.5463761774338688,0.5501607581231385,0.8935421043193661,0.5674346048828762,0.5309706186614764,0.4728236231304501,0.8957775990784863,0.2128210103097362
-1.0000000000000000,0.7753053307736286,-0.4262715096418422,1.2497456043891653,1.2918138543647013,-1.7442557616361842,-1.1502883553829888,1.2526645568669537,-0.0565830626454686,1.8804040097629351,-0.9179596880692757,1.0834990768875568,1.3797912693347290,1.1300534010110921,2.5757889677723691,1.1487697515840312,1.9573320207498097,1.3965521992836687,0.0462831092078567
-1.0000000000000000,0.7569729763983929,1.7047109830840590,-0.0001767848267841,1.1341500345995754,0.0994846743801704,0.8655897002950976,1.1409823912136241,-1.1366024077365788,1.7127553158951063,-0.7627886429961058,1.1144542787156695,1.3129023310005772,1.0454078876576673,2.6303424753299613,1.1474294737003550,1.9662830741537272,1.0967724247005723,0.0201509967799672
-1.0000000000000000,0.6465373760194590,2.0905132458466826,-0.3143388377741051,0.7696418805980071,1.4092798294743378,-1.6674984820692109,0.2667396411462615,0.2710950309835060,0.3469600916577605,0.2480410200830269,0.6202230913279315,0.4519147218470819,0.6465840395848705,0.6435628409328555,0.6020804564884270,0.4951818079139124,0.6299428357348970,0.0082110284721241
-1.0000000000000000,0.5629687781052176,1.3324555031473797,-1.1792331886861567,0.7199515631787484,1.2137645477705090,0.9769685933041211,0.5525776332521479,0.3519302044433067,0.7550062637616031,-0.1759587930961396,0.5190605485496383,0.6837255372419230,1.1689068157728157,0.9303240310355696,0.5429759625356952,0.6945720953271162,1.1980297549641248,0.2940100134468655
1.0000000000000000,1.4519447030520363,0.4724771375694313,-0.0522466419929157,0.4686545048517457,0.7495086174423624,-1.2802395881790127,1.3823504367491355,1.3829462608140370,2.0646378889994281,-0.9720252079164717,0.9126126896076148,1.6034498145033942,1.5591392499205923,1.7568513010994358,0.9525793241627314,1.3574858902968250,1.0111752598546919,0.7056859985481836
-1.0000000000000000,0.7394007453170158,-1.3418416816502536,-1.0429922535898399,0.6732314826475548,-1.6868443335497529,1.3453680352686634,0.8929704497081856,-0.5941764223704944,0.9615401437322462,0.5026322549948486,0.6100414455157287,0.7500517315730164,1.0910591082854180,1.1639289817264964,0.5664286654779842,0.8696129305566745,0.9530433336832457,0.2081360048237637
-1.0000000000000000,1.2529524568356756,-0.1280029522697418,1.3800503063050771,1.8750358784544592,-0.1467996529778303,-0.2258338084124332,1.0426803841722363,-1.3040103740173017,1.5447745325141011,-0.4549247584684806,1.2383083278972804,1.3084825346845905,0.9376813234158693,1.3031871453088164,1.2847359040874624,1.2016860139690502,1.4023227655734867,0.0321384836429969
1.0000000000000000,1.2999900613549280,-1.4969732927749875,-1.5405434544996088,0.8514139746856567,-1.2621941551948608,0.2552866007157661,0.6427066393580001,0.0095603615110936,0.4256599408142527,-0.3047730618270440,0.9505008553588580,1.0235342915646752,0.9555778303170344,0.3571725951096953,0.9431474789770227,0.3319352169630627,0.6058418774664948,0.4067980165839338
-1.0000000000000000,0.7765414764811015,0.8933810645216322,0.2261891105012292,0.9284565318617370,-1.5247511901167958,-0.8249189931944552,0.5175142989482094,1.6834108801411776,0.6302649894467259,-0.1927008811512256,1.5542273492667620,0.8301578187681565,0.4739817854815544,1.4732730542839516,1.5454686919582290,1.1752140578357317,0.2872793927570196,0.0372053870216149
-1.0000000000000000,0.6058753009580450,1.7207891758351890,-1.4362919235561880,0.7573735763629044,1.4733642307369235,-0.2014043268955555,0.4674460257131318,1.4190305510870809,0.6326149675366036,0.1440173959892879,0.5568695003791623,0.6040845055472522,0.9626339241883948,0.9463137258383278,0.5437848739540513,0.7063285037052512,0.8367183695265630,0.1005819974507282
1.0000000000000000,1.0812550590486965,-0.5258549608593472,0.3854444598754301,0.4600249311808284,-0.8644329231982134,-0.3202541266283633,0.5868940556122676,1.6939469745074172,0.8070089853898129,-0.1830048739191165,0.7189960627520791,0.9367661152880595,1.1561622690586533,1.6317249640458811,0.5801653232766146,1.2324433381668434,0.3672492142209424,0.5862820471538858
-1.0000000000000000,0.7070696244633093,0.7888723540607413,-0.1880365269744479,1.1723369419250094,1.7183905643943347,1.1635478759548701,0.2891855422465258,-1.5812944317930049,0.4181341834971579,0.0762745856609421,0.8582679006496768,0.5737658365067038,0.5932373549111077,0.8380356332804983,0.8482943287403131,0.6533399092706993,0.4831799485517844,0.0517441964216284
1.0000000000000000,1.8132950171172963,-1.1486840241593272,-0.2138986869375950,1.7110010325009717,0.1677573019500859,1.6425863605964794,1.0699938368942148,-0.4982413180959591,0.8087154737509877,1.3545216313643387,1.9258364334475795,1.1663495269695705,0.5374338513062550,-0.0000000052757081,1.8838787094440890,0.3534768898875201,1.2553867156483371,0.0174754873546728
-1.0000000000000000,0.6412401178650579,0.2323964584867051,-1.6279801133677096,0.4813170383578886,-0.5004621859352824,-1.3098206516217801,1.2926968251992785,0.1499770141206248,1.9404974030638844,-0.9748665155033853,0.5264889995396188,1.2193757187934946,2.0552501733405029,2.4319090689995666,0.6453092158498229,1.8434187204615264,1.4799302593324974,0.6830989700638355
1.0000000000000000,0.7220996100717021,0.5980002267338936,1.4359505056989079,0.5133281498246930,-1.3898684930229586,0.5155815526126175,0.6199813989435682,-0.6936873863749614,0.9306685371917345,-0.2759255218694715,0.9151300779726348,0.8279303268538137,0.8028377319658025,1.4906596928313278,0.9093740661116184,1.2034103941243639,0.6547175738595601,0.1217869943396426
1.0000000000000000,0.5711024977240158,0.1176774025343372,-0.7107722798035286,0.5957259455094172,0.6385764955086127,1.0965901545426708,0.3725030868846092,-0.5850421337478449,0.1192373386824572,0.6578044290759203,0.5071173339723946,0.4119999843910224,0.7209488703667550,0.1472632915258032,0.4984906197244402,0.1201154359815516,1.2957913826427563,0.0919294853282694
1.0000000000000000,3.4743681100666230,-1.1787465834965252,-0.6861492889828633,0.8215714776894503,-1.6838539756715014,1.2053688699721572,1.6203205671908081,1.2472568584624522,0.1573079156634121,-1.1869810812787436,2.1202855245614489,2.6296875478990223,1.1005917685448792,0.0000000013527022,1.8794501890601372,0.8651720294496981,0.3224089023600687,0.6428719798676038
1.0000000000000000,0.8979013578795827,-0.7521547780274080,-0.0459274158566123,0.5192876360745619,1.4697064133724442,-1.6171090423103218,0.1528181495062032,1.1503232659611533,0.2198825333661469,0.2137485852097277,1.1639239848011855,0.3951493376218293,0.3012675971203586,0.3478121480369825,1.1397957759508190,0.5543556734468335,0.2163399759760356,0.0842602916312338
1.0000000000000000,0.9559906765782130,1.4699616393778245,-0.8018481147090589,1.4738043455492689,-0.9509744624028147,0.5462226197316505,0.9645085896083940,1.7061940469767629,0.1628515038267574,-0.6126450384139822,2.1563887523001304,1.2202595332259878,0.5021589901616177,1.9199130619557498,2.1842670395622799,1.4773198364452793,1.3517600249309554,0.0038928775564075
-1.0000000000000000,1.3704039949589895,-1.3682800598950640,0.0557338176545406,2.1807527514360374,-1.7037736229917275,-1.6077952235446746,0.3512053624694684,-0.0795357481370714,0.1341506068217246,0.5528080981158766,1.4288281140372308,0.7517043847934689,0.4668553199241186,0.0000000037128301,1.4329415569692132,0.0705258382657581,1.2161828417419058,0.0531005023937163
-1.0000000000000000,0.5984112586149543,0.4862882747398817,-1.4584521224117579,0.4740696511170821,0.5538384267297652,-0.9745081194116310,0.4735198275038437,0.2364913737126845,0.6502835763131187,-0.1297150035886601,0.4608184076711276,0.7007470856411818,1.3494231728213801,1.3454304964652719,0.3861874976419813,1.0080226668866725,0.3476097834469285,0.6413149719295264
1.0000000000000000,2.1833784561782283,0.8881253503637018,-1.2221288884314505,1.6229823699697736,1.7819970799989675,0.9087687075035790,1.9852060111377496,0.3407229259825548,2.5708530024824419,-1.6708319164192618,1.8683548047009635,2.4383094471553211,1.1581023909946364,2.6929879147240028,1.9518934615301700,2.3654642278946070,1.4641635351896138,0.3826979996158615
-1.0000000000000000,1.5533198113984212,-1.4640179906291200,1.1305954541965444,0.6767351585156021,1.5563138777230210,-1.2128071883271923,1.5174635552457791,-0.2156996485503135,2.2778999884854687,-1.0661901146156199,2.6736831702259409,1.7646760872729288,0.5856953273254506,2.4706551952553326,2.6987738581282201,2.5589871384234915,0.9986157397798895,0.0822357775767703
-1.0000000000000000,0.7064649443047677,0.4542528425967323,0.5054659305566533,0.9786804223350883,1.6948295908898481,-1.5910172540397403,0.6042170405636136,-0.5776243209634501,0.9070043012353353,-0.2783154468690295,0.8750642139515594,0.8089185294801827,0.8203189437378801,1.2362220467015068,0.8961922577464569,0.9502394220824160,1.3830704723991505,0.0466553886684808
-1.0000000000000000,1.0605993283696225,1.3901084689843446,1.2623801036481519,1.6103497776159230,0.9211959205255683,-0.4568061250368856,0.1127046957141423,1.6260719363317453,0.1021060303974837,0.3870655293478152,1.0933222807909839,0.3730369891408685,0.3027741882437310,0.1072193927050784,1.0962394587060116,0.0896908080248711,0.8962538311026673,0.0006142864762892
-1.0000000000000000,0.6210427313405910,-1.3705167742416067,-1.3638035114116447,0.6098371012975304,-1.2892892352942573,-1.0006220272347115,0.4611293457610557,0.4871006559932388,0.6922119744073632,-0.1465693475105508,0.5146617383557648,0.7481332909778258,1.2899525178226188,1.5630277312422427,0.4007998334208551,1.1712580941186070,0.0336818822730747,0.5401359642113523
1.0000000000000000,0.4872422989138821,1.0522043785569497,0.3446445163371244,0.6727813997285806,-0.8189659663934405,-0.2748815842899357,1.5041004441687671,0.6943390404251966,1.3149630967929729,0.9736504184367903,0.7862410600784381,0.7301113137610610,0.8240420174865105,1.1172133709413550,0.7731403678090216,1.1371635264436575,1.1390161487671056,0.1725340132017212
-1.0000000000000000,0.4894829092424128,1.3546556096343292,0.8713169732217760,0.4896444758069532,0.8205739277547149,1.4496469636519107,0.8222965031572397,-0.5073799551327158,1.2343684448863579,-0.4832762206901720,0.4265166118563775,0.8662818529918463,1.8023506336352921,1.7957620652955462,0.4750413581169586,1.3430594232927613,1.2345839708244253,0.3613179967875477
-1.0000000000000000,0.5926836804867908,0.1563106461157345,0.2444020527664632,0.5309044767135307,0.5354732235385522,0.8310066894797462,0.8633755498851751,-1.5386035427784708,1.2960331665720344,-0.4630225832178392,0.4866641575385858,0.9418407829669307,1.7173708723972607,1.7893841213639043,0.5150447923993207,1.3394551335591398,1.0016049051083267,0.6158749930304317
1.0000000000000000,1.0663359213952144,0.2489060945381009,-0.4194153731054362,0.9357318521471696,0.8741150469348646,1.6629860355402364,0.3602026241256798,1.1329544878469076,0.2863925991832028,-0.0416750124588670,0.9053201138359911,0.7263368806302192,0.7119563683875296,0.7842091912720833,0.8795410502292694,0.6671010199908565,0.1250791247571747,0.2400909998512582
-1.0000000000000000,1.3693983567136252,0.7201554933309222,1.6156115474388897,2.1344075370685589,1.2098102516045672,-0.6172609262491779,0.9848062974425535,0.0086979677535112,0.6989607324828314,-0.3579849922113315,1.4445388373664123,1.4610820963821889,0.8975579134561925,2.1424822672820789,1.4245525480477281,1.6407221650847006,0.7629615689419788,0.1694120246948070
1.0000000000000000,1.5173298080704212,0.1214808527393871,-0.6905559474426681,0.9528324043524699,0.9206440458050204,1.1359267373997153,2.1382887403717312,0.4852517362059113,2.9800903823569453,-0.9735145728498078,1.1949924239084588,1.8983534658502670,1.4097049139408688,1.2998157718204828,1.3330114932279051,1.8626863911017622,1.2415806004718284,0.4382709800366108
1.0000000000000000,2.9698345643263577,-1.1827661961752909,-0.3041787476420722,2.1110110438166432,-0.2419557197561388,1.4947694346863560,1.4321883873271117,0.8490750980375859,1.9885582927814316,-0.4847553121342961,2.5055673137242040,2.1687855893656534,0.7681156866851483,1.3019456826183384,2.4685425900443012,1.7220138335905801,0.7484766172869743,0.2369640037331050
-1.0000000000000000,1.0476980122133686,-0.4203085387194186,0.3607292503326499,1.7506238284787219,0.9423761357501115,-1.6951526390268294,0.6163030834953401,-0.1109261299730147,0.7050128616869734,-0.0141049196649264,1.4817277336225148,0.9692689148855519,0.5804873045545516,1.1384291589225906,1.4833794658124260,0.9209372448231754,0.8774777813879726,0.0725445953888294
1.0000000000000000,0.7490379307739029,0.4539845780552338,0.1308932980681421,0.8210871860266156,1.2319872425754175,-0.6740103918294906,2.1916041347167030,0.1074648856223708,0.1794551529798955,2.2614662580844431,0.7189494801600343,0.7522087679710908,0.9284411601383953,0.0000000190163385,0.6002689469684318,0.5642276240579991,1.2684176114399226,0.4027189994601766
-1.0000000000000000,0.5908822423357093,0.6794972917310240,-0.9075905759533455,0.4581776842169303,1.6335462415580233,0.2319745253241956,0.3681338105325596,-1.2850520708121766,0.3547408689393441,0.4587806660977882,0.5213422229386537,0.3930058631268809,0.6689480683283624,0.5763134999898499,0.4667425363471318,0.4552912693349951,0.6779622960498948,0.0195629897631016
1.0000000000000000,2.3853392569062759,-0.1625602711524508,0.5917612891298972,1.9323142920872698,-0.1956278181114200,-1.0504924182736681,0.7936924857890583,-1.3444109066222367,0.6176472319717446,-0.4606177823313189,1.8488012561428373,1.5479724376362252,0.7430003862378466,0.7534474101921661,1.8207434427706679,0.5678453495146241,0.2801742438517110,0.2948809890209046